Date,Labels,Predictions,Epistemic,Aleatoric
2021-10-01 00:00:00,-14,-12.6,1.3327592611312866,1.6050630807876587
2021-10-01 01:00:00,-14,-12.6,,
2021-10-01 02:00:00,-14,-12.6,,
2021-10-01 03:00:00,-14,-12.6,,
2021-10-01 04:00:00,-23,-20.7,,
2021-10-01 05:00:00,-21,-18.900000000000002,,
2021-10-01 06:00:00,-19,-17.1,,
2021-10-01 07:00:00,-17,-15.3,,
2021-10-01 08:00:00,-18,-16.2,,
2021-10-01 09:00:00,-24,-21.6,,
2021-10-01 10:00:00,-31,-27.900000000000002,,
2021-10-01 11:00:00,-27,-24.3,,
2021-10-01 12:00:00,-30,-27.0,,
2021-10-01 13:00:00,-27,-24.3,,
2021-10-01 14:00:00,-23,-20.7,,
2021-10-01 15:00:00,-23,-20.7,,
2021-10-01 16:00:00,-23,-20.7,,
2021-10-01 17:00:00,-23,-20.7,,
2021-10-01 18:00:00,-22,-19.8,,
2021-10-01 19:00:00,-20,-18.0,,
2021-10-01 20:00:00,-18,-16.2,,
2021-10-01 21:00:00,-15,-30.691225051879883,,
2021-10-01 22:00:00,-13,-28.138124465942383,,
2021-10-01 23:00:00,-13,-28.107685089111328,,
2021-10-02 00:00:00,-12,-25.2161808013916,,
2021-10-02 01:00:00,-12,-26.427797317504883,,
2021-10-02 02:00:00,-13,-11.700000000000001,,
2021-10-02 03:00:00,-10,-23.388504028320312,,
2021-10-02 04:00:00,-8,-7.2,,
2021-10-02 05:00:00,-11,-9.9,,
2021-10-02 06:00:00,-15,-13.5,,
2021-10-02 07:00:00,-24,-21.6,,
2021-10-02 08:00:00,-25,-22.5,,
2021-10-02 09:00:00,-25,-22.5,,
2021-10-02 10:00:00,-29,-26.1,,
2021-10-02 11:00:00,-29,-26.1,,
2021-10-02 12:00:00,-25,-22.5,,
2021-10-02 13:00:00,-24,-21.6,,
2021-10-02 14:00:00,-23,-20.7,,
2021-10-02 15:00:00,-24,-21.6,,
2021-10-02 16:00:00,-24,-21.6,,
2021-10-02 17:00:00,-26,-23.400000000000002,,
2021-10-02 18:00:00,-26,-23.400000000000002,,
2021-10-02 19:00:00,-25,-22.5,,
2021-10-02 20:00:00,-23,-20.7,,
2021-10-02 21:00:00,-21,-18.900000000000002,,
2021-10-02 22:00:00,-20,-18.0,,
2021-10-02 23:00:00,-21,-18.900000000000002,,
2021-10-03 00:00:00,-21,-18.900000000000002,,
2021-10-03 01:00:00,-23,-20.7,,
2021-10-03 02:00:00,-22,-19.8,,
2021-10-03 03:00:00,-17,-15.3,,
2021-10-03 04:00:00,-12,-10.8,,
2021-10-03 05:00:00,-11,-9.9,,
2021-10-03 06:00:00,-12,-10.8,,
2021-10-03 07:00:00,-17,-15.3,,
2021-10-03 08:00:00,-16,-14.4,,
2021-10-03 09:00:00,-14,-12.6,,
2021-10-03 10:00:00,-12,-10.8,,
2021-10-03 11:00:00,-9,-8.1,,
2021-10-03 12:00:00,-6,-5.4,,
2021-10-03 13:00:00,-5,-4.5,,
2021-10-03 14:00:00,-10,-9.0,,
2021-10-03 15:00:00,-18,-16.2,,
2021-10-03 16:00:00,-24,-21.6,,
2021-10-03 17:00:00,-27,-24.3,,
2021-10-03 18:00:00,-30,-27.0,,
2021-10-03 19:00:00,-30,-27.0,,
2021-10-03 20:00:00,-21,-18.900000000000002,,
2021-10-03 21:00:00,-21,-18.900000000000002,,
2021-10-03 22:00:00,-19,-17.1,,
2021-10-03 23:00:00,-19,-17.1,,
2021-10-04 00:00:00,-20,-18.0,,
2021-10-04 01:00:00,-22,-19.8,,
2021-10-04 02:00:00,-22,-19.8,,
2021-10-04 03:00:00,-19,-17.1,,
2021-10-04 04:00:00,-14,-12.6,,
2021-10-04 05:00:00,-11,-9.9,,
2021-10-04 06:00:00,-10,-9.0,,
2021-10-04 07:00:00,-12,-10.8,,
2021-10-04 08:00:00,-12,-10.8,,
2021-10-04 09:00:00,-13,-11.700000000000001,,
2021-10-04 10:00:00,-13,-11.700000000000001,,
2021-10-04 11:00:00,-13,-11.700000000000001,,
2021-10-04 12:00:00,-11,-9.9,,
2021-10-04 13:00:00,-12,-10.8,,
2021-10-04 14:00:00,-12,-10.8,,
2021-10-04 15:00:00,-14,-12.6,,
2021-10-04 16:00:00,-15,-13.5,,
2021-10-04 17:00:00,-15,-13.5,,
2021-10-04 18:00:00,-11,-9.9,,
2021-10-04 19:00:00,-8,-7.2,,
2021-10-04 20:00:00,-8,-7.2,,
2021-10-04 21:00:00,-9,-8.1,,
2021-10-04 22:00:00,-10,-9.0,,
2021-10-04 23:00:00,-9,-8.1,,
2021-10-05 00:00:00,-11,-9.9,,
2021-10-05 01:00:00,-13,-11.700000000000001,,
2021-10-05 02:00:00,-14,-12.6,,
2021-10-05 03:00:00,-13,-11.700000000000001,,
2021-10-05 04:00:00,-12,-10.8,,
2021-10-05 05:00:00,-12,-10.8,,
2021-10-05 06:00:00,-12,-10.8,,
2021-10-05 07:00:00,-16,-14.4,,
2021-10-05 08:00:00,-17,-15.3,,
2021-10-05 09:00:00,-17,-15.3,,
2021-10-05 10:00:00,-12,-10.8,,
2021-10-05 11:00:00,-9,-8.1,,
2021-10-05 12:00:00,-8,-7.2,,
2021-10-05 13:00:00,-7,-6.3,,
2021-10-05 14:00:00,-8,-7.2,,
2021-10-05 15:00:00,-7,-6.3,,
2021-10-05 16:00:00,-8,-7.2,,
2021-10-05 17:00:00,-8,-7.2,,
2021-10-05 18:00:00,-7,-6.3,,
2021-10-05 19:00:00,-6,-5.4,,
2021-10-05 20:00:00,-3,-2.7,,
2021-10-05 21:00:00,-3,-2.7,,
2021-10-05 22:00:00,0,0.0,,
2021-10-05 23:00:00,4,3.6,,
2021-10-06 00:00:00,2,1.8,,
2021-10-06 01:00:00,1,0.9,,
2021-10-06 02:00:00,1,0.9,,
2021-10-06 03:00:00,2,1.8,,
2021-10-06 04:00:00,9,8.1,,
2021-10-06 05:00:00,9,8.1,,
2021-10-06 06:00:00,-1,-5.6630449295043945,,
2021-10-06 07:00:00,-11,-9.9,,
2021-10-06 08:00:00,-12,-10.8,,
2021-10-06 09:00:00,-10,-9.0,,
2021-10-06 10:00:00,-9,-8.1,,
2021-10-06 11:00:00,-13,-11.700000000000001,,
2021-10-06 12:00:00,-25,-22.5,,
2021-10-06 13:00:00,-32,-28.8,,
2021-10-06 14:00:00,-30,-27.0,,
2021-10-06 15:00:00,-26,-23.400000000000002,,
2021-10-06 16:00:00,-20,-18.0,,
2021-10-06 17:00:00,-17,-15.3,,
2021-10-06 18:00:00,-17,-15.3,,
2021-10-06 19:00:00,-16,-14.4,,
2021-10-06 20:00:00,-14,-12.6,,
2021-10-06 21:00:00,-11,-9.9,,
2021-10-06 22:00:00,-10,-9.0,,
2021-10-06 23:00:00,-14,-0.6330251693725586,,
2021-10-07 00:00:00,-14,-12.6,,
2021-10-07 01:00:00,-14,-12.6,,
2021-10-07 02:00:00,-13,-11.700000000000001,,
2021-10-07 03:00:00,-15,-13.5,,
2021-10-07 04:00:00,-11,-9.9,,
2021-10-07 05:00:00,-9,-8.1,,
2021-10-07 06:00:00,-11,-9.9,,
2021-10-07 07:00:00,-14,-12.6,,
2021-10-07 08:00:00,-16,-14.4,,
2021-10-07 09:00:00,-18,-16.2,,
2021-10-07 10:00:00,-23,-20.7,,
2021-10-07 11:00:00,-24,-21.6,,
2021-10-07 12:00:00,-22,-19.8,,
2021-10-07 13:00:00,-21,-18.900000000000002,,
2021-10-07 14:00:00,-19,-17.1,,
2021-10-07 15:00:00,-16,-14.4,,
2021-10-07 16:00:00,-16,-14.4,,
2021-10-07 17:00:00,-18,-16.2,,
2021-10-07 18:00:00,-18,-16.2,,
2021-10-07 19:00:00,-18,-16.2,,
2021-10-07 20:00:00,-17,-15.3,,
2021-10-07 21:00:00,-17,-15.3,,
2021-10-07 22:00:00,-12,-10.8,,
2021-10-07 23:00:00,-9,-8.1,,
2021-10-08 00:00:00,-12,-10.8,,
2021-10-08 01:00:00,-16,-14.4,,
2021-10-08 02:00:00,-17,-15.3,,
2021-10-08 03:00:00,-16,-14.4,,
2021-10-08 04:00:00,-12,-10.8,,
2021-10-08 05:00:00,-11,-9.9,,
2021-10-08 06:00:00,-12,-10.8,,
2021-10-08 07:00:00,-12,-10.8,,
2021-10-08 08:00:00,-10,-9.0,,
2021-10-08 09:00:00,-7,-6.3,,
2021-10-08 10:00:00,-9,-8.1,,
2021-10-08 11:00:00,-9,-8.1,,
2021-10-08 12:00:00,-5,-4.5,,
2021-10-08 13:00:00,-1,-3.645596742630005,,
2021-10-08 14:00:00,-1,-6.3394269943237305,,
2021-10-08 15:00:00,-3,-2.7,,
2021-10-08 16:00:00,-4,-3.6,,
2021-10-08 17:00:00,-3,-2.7,,
2021-10-08 18:00:00,-2,-1.8,,
2021-10-08 19:00:00,-3,-2.7,,
2021-10-08 20:00:00,-6,-5.4,,
2021-10-08 21:00:00,-9,-8.1,,
2021-10-08 22:00:00,-9,-8.1,,
2021-10-08 23:00:00,-8,-7.2,,
2021-10-09 00:00:00,-10,-9.0,,
2021-10-09 01:00:00,-12,-10.8,,
2021-10-09 02:00:00,-13,-11.700000000000001,,
2021-10-09 03:00:00,-13,-11.700000000000001,,
2021-10-09 04:00:00,-11,-9.9,,
2021-10-09 05:00:00,-11,-9.9,,
2021-10-09 06:00:00,-12,-10.8,,
2021-10-09 07:00:00,-14,-12.6,,
2021-10-09 08:00:00,-16,-14.4,,
2021-10-09 09:00:00,-14,-12.6,,
2021-10-09 10:00:00,-11,-1.0737334489822388,,
2021-10-09 11:00:00,-8,-7.2,,
2021-10-09 12:00:00,-6,-5.4,,
2021-10-09 13:00:00,-4,-3.6,,
2021-10-09 14:00:00,-4,-3.6,,
2021-10-09 15:00:00,-4,-8.245694160461426,,
2021-10-09 16:00:00,-5,-4.5,,
2021-10-09 17:00:00,-10,-9.0,,
2021-10-09 18:00:00,-9,-8.1,,
2021-10-09 19:00:00,-7,-6.3,,
2021-10-09 20:00:00,-5,-4.5,,
2021-10-09 21:00:00,-3,-9.591606140136719,,
2021-10-09 22:00:00,4,3.6,,
2021-10-09 23:00:00,10,9.0,,
2021-10-10 00:00:00,5,4.5,,
2021-10-10 01:00:00,-4,-3.6,,
2021-10-10 02:00:00,-1,-3.191375255584717,,
2021-10-10 03:00:00,3,2.7,,
2021-10-10 04:00:00,7,6.3,,
2021-10-10 05:00:00,9,8.1,,
2021-10-10 06:00:00,13,11.700000000000001,,
2021-10-10 07:00:00,5,4.5,,
2021-10-10 08:00:00,-5,-4.5,,
2021-10-10 09:00:00,-10,-9.0,,
2021-10-10 10:00:00,-19,-17.1,,
2021-10-10 11:00:00,-19,-17.1,,
2021-10-10 12:00:00,-18,-16.2,,
2021-10-10 13:00:00,-14,-12.6,,
2021-10-10 14:00:00,-7,-6.3,,
2021-10-10 15:00:00,-10,-9.0,,
2021-10-10 16:00:00,-12,-10.8,,
2021-10-10 17:00:00,-23,-20.7,,
2021-10-10 18:00:00,-29,-26.1,,
2021-10-10 19:00:00,-17,-15.3,,
2021-10-10 20:00:00,-10,-9.0,,
2021-10-10 21:00:00,-8,-7.2,,
2021-10-10 22:00:00,-12,-10.8,,
2021-10-10 23:00:00,-11,-9.9,,
2021-10-11 00:00:00,-9,-8.1,,
2021-10-11 01:00:00,-12,-10.8,,
2021-10-11 02:00:00,-13,-11.700000000000001,,
2021-10-11 03:00:00,-19,-17.1,,
2021-10-11 04:00:00,-18,-16.2,,
2021-10-11 05:00:00,-23,-20.7,,
2021-10-11 06:00:00,-23,-20.7,,
2021-10-11 07:00:00,-22,-19.8,,
2021-10-11 08:00:00,-16,-14.4,,
2021-10-11 09:00:00,-13,-11.700000000000001,,
2021-10-11 10:00:00,-15,-13.5,,
2021-10-11 11:00:00,-18,-16.2,,
2021-10-11 12:00:00,-21,-18.900000000000002,,
2021-10-11 13:00:00,-26,-23.400000000000002,,
2021-10-11 14:00:00,-29,-26.1,,
2021-10-11 15:00:00,-28,-25.2,,
2021-10-11 16:00:00,-26,-23.400000000000002,,
2021-10-11 17:00:00,-28,-25.2,,
2021-10-11 18:00:00,-33,-29.7,,
2021-10-11 19:00:00,-40,-36.0,,
2021-10-11 20:00:00,-35,-31.5,,
2021-10-11 21:00:00,-35,-31.5,,
2021-10-11 22:00:00,-28,-25.2,,
2021-10-11 23:00:00,-43,-38.7,,
2021-10-12 00:00:00,-48,-43.2,,
2021-10-12 01:00:00,-41,-36.9,,
2021-10-12 02:00:00,-57,-51.300000000000004,,
2021-10-12 03:00:00,-51,-45.9,,
2021-10-12 04:00:00,-53,-47.7,,
2021-10-12 05:00:00,-39,-35.1,,
2021-10-12 06:00:00,-33,-29.7,,
2021-10-12 07:00:00,-42,-37.800000000000004,,
2021-10-12 08:00:00,-48,-43.2,,
2021-10-12 09:00:00,-52,-46.800000000000004,,
2021-10-12 10:00:00,-64,-57.6,,
2021-10-12 11:00:00,-63,-56.7,,
2021-10-12 12:00:00,-57,-51.300000000000004,,
2021-10-12 13:00:00,-50,-45.0,,
2021-10-12 14:00:00,-55,-49.5,,
2021-10-12 15:00:00,-47,-42.300000000000004,,
2021-10-12 16:00:00,-37,-33.300000000000004,,
2021-10-12 17:00:00,-39,-35.1,,
2021-10-12 18:00:00,-36,-32.4,,
2021-10-12 19:00:00,-42,-37.800000000000004,,
2021-10-12 20:00:00,-41,-36.9,,
2021-10-12 21:00:00,-42,-37.800000000000004,,
2021-10-12 22:00:00,-36,-32.4,,
2021-10-12 23:00:00,-34,-30.6,,
2021-10-13 00:00:00,-39,-35.1,,
2021-10-13 01:00:00,-43,-38.7,,
2021-10-13 02:00:00,-39,-35.1,,
2021-10-13 03:00:00,-33,-29.7,,
2021-10-13 04:00:00,-30,-27.0,,
2021-10-13 05:00:00,-29,-26.1,,
2021-10-13 06:00:00,-29,-26.1,,
2021-10-13 07:00:00,-32,-28.8,,
2021-10-13 08:00:00,-32,-28.8,,
2021-10-13 09:00:00,-31,-27.900000000000002,,
2021-10-13 10:00:00,-31,-27.900000000000002,,
2021-10-13 11:00:00,-29,-26.1,,
2021-10-13 12:00:00,-26,-23.400000000000002,,
2021-10-13 13:00:00,-27,-24.3,,
2021-10-13 14:00:00,-27,-24.3,,
2021-10-13 15:00:00,-27,-24.3,,
2021-10-13 16:00:00,-28,-25.2,,
2021-10-13 17:00:00,-27,-24.3,,
2021-10-13 18:00:00,-25,-22.5,,
2021-10-13 19:00:00,-24,-21.6,,
2021-10-13 20:00:00,-19,-17.1,,
2021-10-13 21:00:00,-22,-19.8,,
2021-10-13 22:00:00,-22,-19.8,,
2021-10-13 23:00:00,-20,-18.0,,
2021-10-14 00:00:00,-20,-18.0,,
2021-10-14 01:00:00,-21,-18.900000000000002,,
2021-10-14 02:00:00,-18,-16.2,,
2021-10-14 03:00:00,-15,-13.5,,
2021-10-14 04:00:00,-16,-14.4,,
2021-10-14 05:00:00,-17,-15.3,,
2021-10-14 06:00:00,-16,-14.4,,
2021-10-14 07:00:00,-18,-16.2,,
2021-10-14 08:00:00,-16,-14.4,,
2021-10-14 09:00:00,-20,-18.0,,
2021-10-14 10:00:00,-23,-20.7,,
2021-10-14 11:00:00,-26,-23.400000000000002,,
2021-10-14 12:00:00,-27,-24.3,,
2021-10-14 13:00:00,-31,-27.900000000000002,,
2021-10-14 14:00:00,-32,-28.8,,
2021-10-14 15:00:00,-24,-21.6,,
2021-10-14 16:00:00,-16,-14.4,,
2021-10-14 17:00:00,-11,-9.9,,
2021-10-14 18:00:00,-11,-9.9,,
2021-10-14 19:00:00,-9,-8.1,,
2021-10-14 20:00:00,-8,-7.2,,
2021-10-14 21:00:00,-11,-9.9,,
2021-10-14 22:00:00,-14,-12.6,,
2021-10-14 23:00:00,-16,-14.4,,
2021-10-15 00:00:00,-15,-13.5,,
2021-10-15 01:00:00,-13,-11.700000000000001,,
2021-10-15 02:00:00,-12,-10.8,,
2021-10-15 03:00:00,-13,-11.700000000000001,,
2021-10-15 04:00:00,-11,-9.9,,
2021-10-15 05:00:00,-10,-9.0,,
2021-10-15 06:00:00,-10,-9.0,,
2021-10-15 07:00:00,-10,-9.0,,
2021-10-15 08:00:00,-8,-7.2,,
2021-10-15 09:00:00,-8,-7.2,,
2021-10-15 10:00:00,-8,-7.2,,
2021-10-15 11:00:00,-9,-8.1,,
2021-10-15 12:00:00,-8,-7.2,,
2021-10-15 13:00:00,-9,-8.1,,
2021-10-15 14:00:00,-9,-8.1,,
2021-10-15 15:00:00,-10,-9.0,,
2021-10-15 16:00:00,-10,-9.0,,
2021-10-15 17:00:00,-12,-10.8,,
2021-10-15 18:00:00,-15,-13.5,,
2021-10-15 19:00:00,-21,-18.900000000000002,,
2021-10-15 20:00:00,-22,-19.8,,
2021-10-15 21:00:00,-11,-9.9,,
2021-10-15 22:00:00,-9,-8.1,,
2021-10-15 23:00:00,-10,-9.0,,
2021-10-16 00:00:00,-10,-9.0,,
2021-10-16 01:00:00,-9,-8.1,,
2021-10-16 02:00:00,-6,-5.4,,
2021-10-16 03:00:00,-7,-6.3,,
2021-10-16 04:00:00,-6,-5.4,,
2021-10-16 05:00:00,-3,-7.153170585632324,,
2021-10-16 06:00:00,-1,-10.52772045135498,,
2021-10-16 07:00:00,-1,-9.943827629089355,,
2021-10-16 08:00:00,2,1.8,,
2021-10-16 09:00:00,3,2.7,,
2021-10-16 10:00:00,2,1.8,,
2021-10-16 11:00:00,2,1.8,,
2021-10-16 12:00:00,11,9.9,,
2021-10-16 13:00:00,9,8.1,,
2021-10-16 14:00:00,0,0.0,,
2021-10-16 15:00:00,1,0.9,,
2021-10-16 16:00:00,-3,-12.54582691192627,,
2021-10-16 17:00:00,-8,-7.2,,
2021-10-16 18:00:00,-7,-6.3,,
2021-10-16 19:00:00,-6,-5.4,,
2021-10-16 20:00:00,-3,-7.327471733093262,,
2021-10-16 21:00:00,-1,-6.508720397949219,,
2021-10-16 22:00:00,-1,-6.585270881652832,,
2021-10-16 23:00:00,-1,-6.29171085357666,,
2021-10-17 00:00:00,-2,-6.487616539001465,,
2021-10-17 01:00:00,-2,-6.735644340515137,,
2021-10-17 02:00:00,2,1.8,,
2021-10-17 03:00:00,3,2.7,,
2021-10-17 04:00:00,0,0.0,,
2021-10-17 05:00:00,-2,-9.433928489685059,,
2021-10-17 06:00:00,-11,-9.9,,
2021-10-17 07:00:00,-23,-20.7,,
2021-10-17 08:00:00,-28,-25.2,,
2021-10-17 09:00:00,-26,-23.400000000000002,,
2021-10-17 10:00:00,-26,-23.400000000000002,,
2021-10-17 11:00:00,-29,-26.1,,
2021-10-17 12:00:00,-32,-28.8,,
2021-10-17 13:00:00,-32,-28.8,,
2021-10-17 14:00:00,-40,-36.0,,
2021-10-17 15:00:00,-44,-39.6,,
2021-10-17 16:00:00,-45,-40.5,,
2021-10-17 17:00:00,-51,-45.9,,
2021-10-17 18:00:00,-54,-48.6,,
2021-10-17 19:00:00,-55,-49.5,,
2021-10-17 20:00:00,-54,-48.6,,
2021-10-17 21:00:00,-50,-45.0,,
2021-10-17 22:00:00,-50,-45.0,,
2021-10-17 23:00:00,-51,-45.9,,
2021-10-18 00:00:00,-49,-44.1,,
2021-10-18 01:00:00,-45,-40.5,,
2021-10-18 02:00:00,-41,-36.9,,
2021-10-18 03:00:00,-36,-32.4,,
2021-10-18 04:00:00,-33,-29.7,,
2021-10-18 05:00:00,-27,-24.3,,
2021-10-18 06:00:00,-20,-18.0,,
2021-10-18 07:00:00,-15,-13.5,,
2021-10-18 08:00:00,-14,-12.6,,
2021-10-18 09:00:00,-9,-8.1,,
2021-10-18 10:00:00,-2,-5.063240051269531,,
2021-10-18 11:00:00,-3,-5.952284812927246,,
2021-10-18 12:00:00,-7,-6.3,,
2021-10-18 13:00:00,-11,-9.9,,
2021-10-18 14:00:00,-12,-10.8,,
2021-10-18 15:00:00,-7,-6.3,,
2021-10-18 16:00:00,-21,-18.900000000000002,,
2021-10-18 17:00:00,-28,-25.2,,
2021-10-18 18:00:00,-32,-28.8,,
2021-10-18 19:00:00,-31,-27.900000000000002,,
2021-10-18 20:00:00,-25,-22.5,,
2021-10-18 21:00:00,-22,-19.8,,
2021-10-18 22:00:00,-21,-18.900000000000002,,
2021-10-18 23:00:00,-29,-26.1,,
2021-10-19 00:00:00,-33,-29.7,,
2021-10-19 01:00:00,-28,-25.2,,
2021-10-19 02:00:00,-22,-19.8,,
2021-10-19 03:00:00,-20,-18.0,,
2021-10-19 04:00:00,-22,-19.8,,
2021-10-19 05:00:00,-24,-21.6,,
2021-10-19 06:00:00,-25,-22.5,,
2021-10-19 07:00:00,-21,-18.900000000000002,,
2021-10-19 08:00:00,-15,-13.5,,
2021-10-19 09:00:00,-13,-11.700000000000001,,
2021-10-19 10:00:00,-11,-9.9,,
2021-10-19 11:00:00,-9,-8.1,,
2021-10-19 12:00:00,-10,-9.0,,
2021-10-19 13:00:00,-22,-19.8,,
2021-10-19 14:00:00,-24,-21.6,,
2021-10-19 15:00:00,-21,-18.900000000000002,,
2021-10-19 16:00:00,-26,-23.400000000000002,,
2021-10-19 17:00:00,-28,-25.2,,
2021-10-19 18:00:00,-21,-18.900000000000002,,
2021-10-19 19:00:00,-18,-16.2,,
2021-10-19 20:00:00,-14,-12.6,,
2021-10-19 21:00:00,-13,-11.700000000000001,,
2021-10-19 22:00:00,-16,-14.4,,
2021-10-19 23:00:00,-18,-16.2,,
2021-10-20 00:00:00,-18,-16.2,,
2021-10-20 01:00:00,-15,-13.5,,
2021-10-20 02:00:00,-10,-9.0,,
2021-10-20 03:00:00,-6,-5.4,,
2021-10-20 04:00:00,-6,-5.4,,
2021-10-20 05:00:00,-6,-5.4,,
2021-10-20 06:00:00,-4,-8.647247314453125,,
2021-10-20 07:00:00,-3,-8.35888385772705,,
2021-10-20 08:00:00,-6,-5.4,,
2021-10-20 09:00:00,-5,-4.5,,
2021-10-20 10:00:00,-6,-5.4,,
2021-10-20 11:00:00,-11,-9.9,,
2021-10-20 12:00:00,-7,-6.3,,
2021-10-20 13:00:00,-6,-13.882386207580566,,
2021-10-20 14:00:00,-5,-13.364986419677734,,
2021-10-20 15:00:00,-3,-8.382378578186035,,
2021-10-20 16:00:00,-1,-8.28045654296875,,
2021-10-20 17:00:00,-5,-4.5,,
2021-10-20 18:00:00,-8,-7.2,,
2021-10-20 19:00:00,-2,-8.451607704162598,,
2021-10-20 20:00:00,-4,-10.876808166503906,,
2021-10-20 21:00:00,-3,-12.695425987243652,,
2021-10-20 22:00:00,-3,-11.500580787658691,,
2021-10-20 23:00:00,-2,-14.091464042663574,,
2021-10-21 00:00:00,-3,-17.108625411987305,,
2021-10-21 01:00:00,-6,-20.343427658081055,,
2021-10-21 02:00:00,-8,-19.512969970703125,,
2021-10-21 03:00:00,-12,-10.8,,
2021-10-21 04:00:00,-14,-12.6,,
2021-10-21 05:00:00,-11,-9.9,,
2021-10-21 06:00:00,-10,-9.0,,
2021-10-21 07:00:00,-7,-18.58609962463379,,
2021-10-21 08:00:00,-1,-17.35150146484375,,
2021-10-21 09:00:00,-1,-15.911406517028809,,
2021-10-21 10:00:00,-1,-15.86534309387207,,
2021-10-21 11:00:00,-2,-15.501592636108398,,
2021-10-21 12:00:00,-7,-17.083099365234375,,
2021-10-21 13:00:00,-10,-9.0,,
2021-10-21 14:00:00,-13,-11.700000000000001,,
2021-10-21 15:00:00,-15,-13.5,,
2021-10-21 16:00:00,-17,-15.3,,
2021-10-21 17:00:00,-17,-15.3,,
2021-10-21 18:00:00,-14,-12.6,,
2021-10-21 19:00:00,-13,-11.700000000000001,,
2021-10-21 20:00:00,-13,-11.700000000000001,,
2021-10-21 21:00:00,-13,-11.700000000000001,,
2021-10-21 22:00:00,-10,-9.0,,
2021-10-21 23:00:00,-10,-9.0,,
2021-10-22 00:00:00,-10,-9.0,,
2021-10-22 01:00:00,-9,-8.1,,
2021-10-22 02:00:00,-8,-7.2,,
2021-10-22 03:00:00,-8,-7.2,,
2021-10-22 04:00:00,-9,-8.1,,
2021-10-22 05:00:00,-7,-6.3,,
2021-10-22 06:00:00,-5,-12.273731231689453,,
2021-10-22 07:00:00,-1,-12.14813232421875,,
2021-10-22 08:00:00,1,0.9,,
2021-10-22 09:00:00,-1,-12.872758865356445,,
2021-10-22 10:00:00,-2,-13.672618865966797,,
2021-10-22 11:00:00,-2,-14.87765884399414,,
2021-10-22 12:00:00,-1,-13.69286060333252,,
2021-10-22 13:00:00,-2,-13.471358299255371,,
2021-10-22 14:00:00,-3,-12.685093879699707,,
2021-10-22 15:00:00,-2,-13.303731918334961,,
2021-10-22 16:00:00,0,0.0,,
2021-10-22 17:00:00,-3,-11.89122486114502,,
2021-10-22 18:00:00,-2,-11.057073593139648,,
2021-10-22 19:00:00,-2,-10.885137557983398,,
2021-10-22 20:00:00,-1,-12.163128852844238,,
2021-10-22 21:00:00,1,0.9,,
2021-10-22 22:00:00,0,0.0,,
2021-10-22 23:00:00,1,0.9,,
2021-10-23 00:00:00,1,0.9,,
2021-10-23 01:00:00,1,0.9,,
2021-10-23 02:00:00,0,0.0,,
2021-10-23 03:00:00,0,0.0,,
2021-10-23 04:00:00,-1,-10.684853553771973,,
2021-10-23 05:00:00,-2,-10.432117462158203,,
2021-10-23 06:00:00,-2,-10.943647384643555,,
2021-10-23 07:00:00,-1,-11.025793075561523,,
2021-10-23 08:00:00,1,0.9,,
2021-10-23 09:00:00,1,0.9,,
2021-10-23 10:00:00,2,1.8,,
2021-10-23 11:00:00,2,1.8,,
2021-10-23 12:00:00,2,1.8,,
2021-10-23 13:00:00,2,1.8,,
2021-10-23 14:00:00,0,0.0,,
2021-10-23 15:00:00,1,0.9,,
2021-10-23 16:00:00,0,0.0,,
2021-10-23 17:00:00,-2,-11.168529510498047,,
2021-10-23 18:00:00,0,0.0,,
2021-10-23 19:00:00,3,2.7,,
2021-10-23 20:00:00,7,6.3,,
2021-10-23 21:00:00,8,7.2,,
2021-10-23 22:00:00,8,7.2,,
2021-10-23 23:00:00,6,5.4,,
2021-10-24 00:00:00,3,2.7,,
2021-10-24 01:00:00,2,1.8,,
2021-10-24 02:00:00,2,1.8,,
2021-10-24 03:00:00,4,3.6,,
2021-10-24 04:00:00,6,5.4,,
2021-10-24 05:00:00,7,6.3,,
2021-10-24 06:00:00,4,3.6,,
2021-10-24 07:00:00,-2,-5.628302574157715,,
2021-10-24 08:00:00,-4,-3.6,,
2021-10-24 09:00:00,-3,-6.418365478515625,,
2021-10-24 10:00:00,0,0.0,,
2021-10-24 11:00:00,-1,-6.83596134185791,,
2021-10-24 12:00:00,-5,-4.5,,
2021-10-24 13:00:00,-7,-6.3,,
2021-10-24 14:00:00,-8,-7.2,,
2021-10-24 15:00:00,-10,-9.0,,
2021-10-24 16:00:00,-11,-9.9,,
2021-10-24 17:00:00,-11,-9.9,,
2021-10-24 18:00:00,-10,-9.0,,
2021-10-24 19:00:00,-8,-7.2,,
2021-10-24 20:00:00,-7,-6.3,,
2021-10-24 21:00:00,-8,-7.2,,
2021-10-24 22:00:00,-9,-8.1,,
2021-10-24 23:00:00,-4,-3.6,,
2021-10-25 00:00:00,-4,-3.6,,
2021-10-25 01:00:00,-5,-4.5,,
2021-10-25 02:00:00,-6,-5.4,,
2021-10-25 03:00:00,-5,-4.5,,
2021-10-25 04:00:00,-2,-7.145036697387695,,
2021-10-25 05:00:00,-3,-8.055298805236816,,
2021-10-25 06:00:00,-3,-7.232739448547363,,
2021-10-25 07:00:00,-4,-3.6,,
2021-10-25 08:00:00,-1,-7.402580261230469,,
2021-10-25 09:00:00,3,2.7,,
2021-10-25 10:00:00,3,2.7,,
2021-10-25 11:00:00,5,4.5,,
2021-10-25 12:00:00,6,5.4,,
2021-10-25 13:00:00,1,0.9,,
2021-10-25 14:00:00,-3,-6.218927383422852,,
2021-10-25 15:00:00,0,0.0,,
2021-10-25 16:00:00,0,0.0,,
2021-10-25 17:00:00,-1,-6.489871025085449,,
2021-10-25 18:00:00,3,2.7,,
2021-10-25 19:00:00,4,3.6,,
2021-10-25 20:00:00,-1,-6.048829078674316,,
2021-10-25 21:00:00,2,1.8,,
2021-10-25 22:00:00,1,0.9,,
2021-10-25 23:00:00,0,0.0,,
2021-10-26 00:00:00,-3,-2.7,,
2021-10-26 01:00:00,-5,-4.5,,
2021-10-26 02:00:00,-4,-3.6,,
2021-10-26 03:00:00,-1,-6.816834449768066,,
2021-10-26 04:00:00,0,0.0,,
2021-10-26 05:00:00,-1,-6.156733512878418,,
2021-10-26 06:00:00,-3,-2.7,,
2021-10-26 07:00:00,-1,-5.527260780334473,,
2021-10-26 08:00:00,2,1.8,,
2021-10-26 09:00:00,3,2.7,,
2021-10-26 10:00:00,1,0.9,,
2021-10-26 11:00:00,3,2.7,,
2021-10-26 12:00:00,3,2.7,,
2021-10-26 13:00:00,3,2.7,,
2021-10-26 14:00:00,3,2.7,,
2021-10-26 15:00:00,4,3.6,,
2021-10-26 16:00:00,3,2.7,,
2021-10-26 17:00:00,-1,-5.84004020690918,,
2021-10-26 18:00:00,-3,-2.7,,
2021-10-26 19:00:00,-2,-5.157012939453125,,
2021-10-26 20:00:00,-1,-5.854955673217773,,
2021-10-26 21:00:00,-1,-7.403796195983887,,
2021-10-26 22:00:00,0,0.0,,
2021-10-26 23:00:00,1,0.9,,
2021-10-27 00:00:00,0,0.0,,
2021-10-27 01:00:00,1,0.9,,
2021-10-27 02:00:00,4,3.6,,
2021-10-27 03:00:00,5,4.5,,
2021-10-27 04:00:00,3,2.7,,
2021-10-27 05:00:00,3,2.7,,
2021-10-27 06:00:00,4,3.6,,
2021-10-27 07:00:00,7,6.3,,
2021-10-27 08:00:00,5,4.5,,
2021-10-27 09:00:00,5,4.5,,
2021-10-27 10:00:00,8,7.2,,
2021-10-27 11:00:00,8,7.2,,
2021-10-27 12:00:00,7,6.3,,
2021-10-27 13:00:00,5,4.5,,
2021-10-27 14:00:00,3,2.7,,
2021-10-27 15:00:00,0,0.0,,
2021-10-27 16:00:00,-3,-6.456667900085449,,
2021-10-27 17:00:00,-3,-6.358433723449707,,
2021-10-27 18:00:00,-1,-7.923793792724609,,
2021-10-27 19:00:00,-2,-8.147462844848633,,
2021-10-27 20:00:00,-2,-6.235500335693359,,
2021-10-27 21:00:00,-2,-6.821065902709961,,
2021-10-27 22:00:00,0,0.0,,
2021-10-27 23:00:00,0,0.0,,
2021-10-28 00:00:00,1,0.9,,
2021-10-28 01:00:00,2,1.8,,
2021-10-28 02:00:00,5,4.5,,
2021-10-28 03:00:00,6,5.4,,
2021-10-28 04:00:00,4,3.6,,
2021-10-28 05:00:00,3,2.7,,
2021-10-28 06:00:00,3,2.7,,
2021-10-28 07:00:00,3,2.7,,
2021-10-28 08:00:00,4,3.6,,
2021-10-28 09:00:00,6,5.4,,
2021-10-28 10:00:00,6,5.4,,
2021-10-28 11:00:00,8,7.2,,
2021-10-28 12:00:00,9,8.1,,
2021-10-28 13:00:00,9,8.1,,
2021-10-28 14:00:00,8,7.2,,
2021-10-28 15:00:00,8,7.2,,
2021-10-28 16:00:00,11,9.9,,
2021-10-28 17:00:00,14,12.6,,
2021-10-28 18:00:00,16,14.4,,
2021-10-28 19:00:00,14,12.6,,
2021-10-28 20:00:00,13,11.700000000000001,,
2021-10-28 21:00:00,10,9.0,,
2021-10-28 22:00:00,11,9.9,,
2021-10-28 23:00:00,10,9.0,,
2021-10-29 00:00:00,10,9.0,,
2021-10-29 01:00:00,11,9.9,,
2021-10-29 02:00:00,9,8.1,,
2021-10-29 03:00:00,9,8.1,,
2021-10-29 04:00:00,7,6.3,,
2021-10-29 05:00:00,7,6.3,,
2021-10-29 06:00:00,8,7.2,,
2021-10-29 07:00:00,7,6.3,,
2021-10-29 08:00:00,8,7.2,,
2021-10-29 09:00:00,7,6.3,,
2021-10-29 10:00:00,8,7.2,,
2021-10-29 11:00:00,7,6.3,,
2021-10-29 12:00:00,9,8.1,,
2021-10-29 13:00:00,11,9.9,,
2021-10-29 14:00:00,12,10.8,,
2021-10-29 15:00:00,10,9.0,,
2021-10-29 16:00:00,11,9.9,,
2021-10-29 17:00:00,11,9.9,,
2021-10-29 18:00:00,6,5.4,,
2021-10-29 19:00:00,7,6.3,,
2021-10-29 20:00:00,3,2.7,,
2021-10-29 21:00:00,2,1.8,,
2021-10-29 22:00:00,-6,-5.4,,
2021-10-29 23:00:00,-3,-6.54093074798584,,
2021-10-30 00:00:00,-1,-5.871124267578125,,
2021-10-30 01:00:00,-6,-5.4,,
2021-10-30 02:00:00,-9,-8.1,,
2021-10-30 03:00:00,-8,-7.2,,
2021-10-30 04:00:00,-4,-3.6,,
2021-10-30 05:00:00,-3,-11.4526948928833,,
2021-10-30 06:00:00,-1,-10.25062084197998,,
2021-10-30 07:00:00,-1,-7.936903953552246,,
2021-10-30 08:00:00,1,0.9,,
2021-10-30 09:00:00,3,2.7,,
2021-10-30 10:00:00,5,4.5,,
2021-10-30 11:00:00,6,5.4,,
2021-10-30 12:00:00,9,8.1,,
2021-10-30 13:00:00,11,9.9,,
2021-10-30 14:00:00,18,16.2,,
2021-10-30 15:00:00,21,18.900000000000002,,
2021-10-30 16:00:00,13,11.700000000000001,,
2021-10-30 17:00:00,8,7.2,,
2021-10-30 18:00:00,-10,-9.0,,
2021-10-30 19:00:00,-18,-16.2,,
2021-10-30 20:00:00,-20,-18.0,,
2021-10-30 21:00:00,-24,-21.6,,
2021-10-30 22:00:00,-25,-22.5,,
2021-10-30 23:00:00,-28,-25.2,,
2021-10-31 00:00:00,-31,-27.900000000000002,,
2021-10-31 01:00:00,-33,-29.7,,
2021-10-31 02:00:00,-25,-22.5,,
2021-10-31 03:00:00,-18,-16.2,,
2021-10-31 04:00:00,-12,-10.8,,
2021-10-31 05:00:00,-10,-9.0,,
2021-10-31 06:00:00,1,0.9,,
2021-10-31 07:00:00,6,5.4,,
2021-10-31 08:00:00,-6,-5.4,,
2021-10-31 09:00:00,-29,-26.1,,
2021-10-31 10:00:00,-36,-32.4,,
2021-10-31 11:00:00,-29,-26.1,,
2021-10-31 12:00:00,-26,-23.400000000000002,,
2021-10-31 13:00:00,-27,-24.3,,
2021-10-31 14:00:00,-26,-23.400000000000002,,
2021-10-31 15:00:00,-24,-21.6,,
2021-10-31 16:00:00,-24,-21.6,,
2021-10-31 17:00:00,-25,-22.5,,
2021-10-31 18:00:00,-15,-13.5,,
2021-10-31 19:00:00,-14,-12.6,,
2021-10-31 20:00:00,-12,-10.8,,
2021-10-31 21:00:00,-11,-9.9,,
2021-10-31 22:00:00,-13,-11.700000000000001,,
2021-10-31 23:00:00,-20,-18.0,,
2021-11-01 00:00:00,-24,-21.6,,
2021-11-01 01:00:00,-24,-21.6,,
2021-11-01 02:00:00,-22,-19.8,,
2021-11-01 03:00:00,-19,-17.1,,
2021-11-01 04:00:00,-20,-18.0,,
2021-11-01 05:00:00,-20,-18.0,,
2021-11-01 06:00:00,-15,-13.5,,
2021-11-01 07:00:00,-12,-10.8,,
2021-11-01 08:00:00,-10,-9.0,,
2021-11-01 09:00:00,-7,-6.3,,
2021-11-01 10:00:00,-3,-11.115246772766113,,
2021-11-01 11:00:00,0,0.0,,
2021-11-01 12:00:00,-2,-8.53168773651123,,
2021-11-01 13:00:00,1,0.9,,
2021-11-01 14:00:00,5,4.5,,
2021-11-01 15:00:00,-1,-6.847006797790527,,
2021-11-01 16:00:00,9,8.1,,
2021-11-01 17:00:00,17,15.3,,
2021-11-01 18:00:00,12,10.8,,
2021-11-01 19:00:00,3,2.7,,
2021-11-01 20:00:00,1,0.9,,
2021-11-01 21:00:00,-10,-9.0,,
2021-11-01 22:00:00,-20,-18.0,,
2021-11-01 23:00:00,-30,-27.0,,
2021-11-02 00:00:00,-29,-26.1,,
2021-11-02 01:00:00,-26,-23.400000000000002,,
2021-11-02 02:00:00,-26,-23.400000000000002,,
2021-11-02 03:00:00,-23,-20.7,,
2021-11-02 04:00:00,-19,-17.1,,
2021-11-02 05:00:00,-16,-14.4,,
2021-11-02 06:00:00,-12,-10.8,,
2021-11-02 07:00:00,-12,-10.8,,
2021-11-02 08:00:00,-16,-14.4,,
2021-11-02 09:00:00,-14,-12.6,,
2021-11-02 10:00:00,-12,-10.8,,
2021-11-02 11:00:00,-11,-23.89684295654297,,
2021-11-02 12:00:00,-14,-12.6,,
2021-11-02 13:00:00,-19,-17.1,,
2021-11-02 14:00:00,-22,-19.8,,
2021-11-02 15:00:00,-22,-19.8,,
2021-11-02 16:00:00,-21,-18.900000000000002,,
2021-11-02 17:00:00,-14,-12.6,,
2021-11-02 18:00:00,-13,-11.700000000000001,,
2021-11-02 19:00:00,-13,-11.700000000000001,,
2021-11-02 20:00:00,-13,-11.700000000000001,,
2021-11-02 21:00:00,-18,-16.2,,
2021-11-02 22:00:00,-19,-17.1,,
2021-11-02 23:00:00,-19,-17.1,,
2021-11-03 00:00:00,-17,-15.3,,
2021-11-03 01:00:00,-17,-15.3,,
2021-11-03 02:00:00,-16,-14.4,,
2021-11-03 03:00:00,-16,-14.4,,
2021-11-03 04:00:00,-12,-10.8,,
2021-11-03 05:00:00,-10,-9.0,,
2021-11-03 06:00:00,-8,-18.34566307067871,,
2021-11-03 07:00:00,-9,-17.962738037109375,,
2021-11-03 08:00:00,-9,-17.160614013671875,,
2021-11-03 09:00:00,-10,-9.0,,
2021-11-03 10:00:00,-12,-10.8,,
2021-11-03 11:00:00,-11,-9.9,,
2021-11-03 12:00:00,-10,-9.0,,
2021-11-03 13:00:00,-12,-10.8,,
2021-11-03 14:00:00,-14,-12.6,,
2021-11-03 15:00:00,-10,-9.0,,
2021-11-03 16:00:00,15,13.5,,
2021-11-03 17:00:00,-7,-15.753170013427734,,
2021-11-03 18:00:00,-32,-28.8,,
2021-11-03 19:00:00,-25,-22.5,,
2021-11-03 20:00:00,-16,-14.4,,
2021-11-03 21:00:00,-32,-28.8,,
2021-11-03 22:00:00,-36,-32.4,,
2021-11-03 23:00:00,-40,-36.0,,
2021-11-04 00:00:00,-45,-40.5,,
2021-11-04 01:00:00,-53,-47.7,,
2021-11-04 02:00:00,-81,-72.9,,
2021-11-04 03:00:00,-87,-78.3,,
2021-11-04 04:00:00,-110,-99.0,,
2021-11-04 05:00:00,-96,-86.4,,
2021-11-04 06:00:00,-85,-76.5,,
2021-11-04 07:00:00,-94,-84.60000000000001,,
2021-11-04 08:00:00,-109,-98.10000000000001,,
2021-11-04 09:00:00,-115,-103.5,,
2021-11-04 10:00:00,-99,-89.10000000000001,,
2021-11-04 11:00:00,-91,-81.9,,
2021-11-04 12:00:00,-86,-77.4,,
2021-11-04 13:00:00,-80,-72.0,,
2021-11-04 14:00:00,-73,-65.7,,
2021-11-04 15:00:00,-68,-61.2,,
2021-11-04 16:00:00,-64,-57.6,,
2021-11-04 17:00:00,-59,-53.1,,
2021-11-04 18:00:00,-52,-46.800000000000004,,
2021-11-04 19:00:00,-52,-46.800000000000004,,
2021-11-04 20:00:00,-54,-48.6,,
2021-11-04 21:00:00,-55,-49.5,,
2021-11-04 22:00:00,-52,-46.800000000000004,,
2021-11-04 23:00:00,-50,-45.0,,
2021-11-05 00:00:00,-46,-41.4,,
2021-11-05 01:00:00,-23,-20.7,,
2021-11-05 02:00:00,-20,-18.0,,
2021-11-05 03:00:00,-29,-26.1,,
2021-11-05 04:00:00,-38,-34.2,,
2021-11-05 05:00:00,-40,-36.0,,
2021-11-05 06:00:00,-42,-37.800000000000004,,
2021-11-05 07:00:00,-45,-40.5,,
2021-11-05 08:00:00,-44,-39.6,,
2021-11-05 09:00:00,-40,-36.0,,
2021-11-05 10:00:00,-38,-34.2,,
2021-11-05 11:00:00,-48,-43.2,,
2021-11-05 12:00:00,-42,-37.800000000000004,,
2021-11-05 13:00:00,-46,-41.4,,
2021-11-05 14:00:00,-50,-45.0,,
2021-11-05 15:00:00,-48,-43.2,,
2021-11-05 16:00:00,-47,-42.300000000000004,,
2021-11-05 17:00:00,-42,-37.800000000000004,,
2021-11-05 18:00:00,-34,-30.6,,
2021-11-05 19:00:00,-19,-17.1,,
2021-11-05 20:00:00,-2,-23.000181198120117,,
2021-11-05 21:00:00,-14,-12.6,,
2021-11-05 22:00:00,-17,-15.3,,
2021-11-05 23:00:00,-23,-20.7,,
2021-11-06 00:00:00,-15,-13.5,,
2021-11-06 01:00:00,-20,-18.0,,
2021-11-06 02:00:00,-30,-27.0,,
2021-11-06 03:00:00,-31,-27.900000000000002,,
2021-11-06 04:00:00,-33,-29.7,,
2021-11-06 05:00:00,-34,-30.6,,
2021-11-06 06:00:00,-24,-21.6,,
2021-11-06 07:00:00,-32,-28.8,,
2021-11-06 08:00:00,-40,-36.0,,
2021-11-06 09:00:00,-39,-35.1,,
2021-11-06 10:00:00,-38,-34.2,,
2021-11-06 11:00:00,-44,-39.6,,
2021-11-06 12:00:00,-47,-42.300000000000004,,
2021-11-06 13:00:00,-45,-40.5,,
2021-11-06 14:00:00,-43,-38.7,,
2021-11-06 15:00:00,-44,-39.6,,
2021-11-06 16:00:00,-46,-41.4,,
2021-11-06 17:00:00,-44,-39.6,,
2021-11-06 18:00:00,-39,-35.1,,
2021-11-06 19:00:00,-33,-29.7,,
2021-11-06 20:00:00,-24,-21.6,,
2021-11-06 21:00:00,-16,-14.4,,
2021-11-06 22:00:00,-29,-26.1,,
2021-11-06 23:00:00,-28,-25.2,,
2021-11-07 00:00:00,-33,-29.7,,
2021-11-07 01:00:00,-34,-30.6,,
2021-11-07 02:00:00,-33,-29.7,,
2021-11-07 03:00:00,-34,-30.6,,
2021-11-07 04:00:00,-37,-33.300000000000004,,
2021-11-07 05:00:00,-38,-34.2,,
2021-11-07 06:00:00,-36,-32.4,,
2021-11-07 07:00:00,-35,-31.5,,
2021-11-07 08:00:00,-32,-28.8,,
2021-11-07 09:00:00,-29,-26.1,,
2021-11-07 10:00:00,-27,-24.3,,
2021-11-07 11:00:00,-27,-24.3,,
2021-11-07 12:00:00,-27,-24.3,,
2021-11-07 13:00:00,-28,-25.2,,
2021-11-07 14:00:00,-29,-26.1,,
2021-11-07 15:00:00,-29,-26.1,,
2021-11-07 16:00:00,-29,-26.1,,
2021-11-07 17:00:00,-29,-26.1,,
2021-11-07 18:00:00,-28,-25.2,,
2021-11-07 19:00:00,-28,-25.2,,
2021-11-07 20:00:00,-29,-26.1,,
2021-11-07 21:00:00,-30,-27.0,,
2021-11-07 22:00:00,-28,-25.2,,
2021-11-07 23:00:00,-27,-24.3,,
2021-11-08 00:00:00,-25,-22.5,,
2021-11-08 01:00:00,-24,-21.6,,
2021-11-08 02:00:00,-22,-19.8,,
2021-11-08 03:00:00,-21,-18.900000000000002,,
2021-11-08 04:00:00,-21,-18.900000000000002,,
2021-11-08 05:00:00,-21,-18.900000000000002,,
2021-11-08 06:00:00,-19,-17.1,,
2021-11-08 07:00:00,-15,-13.5,,
2021-11-08 08:00:00,-14,-12.6,,
2021-11-08 09:00:00,-18,-16.2,,
2021-11-08 10:00:00,-21,-18.900000000000002,,
2021-11-08 11:00:00,-22,-19.8,,
2021-11-08 12:00:00,-22,-19.8,,
2021-11-08 13:00:00,-22,-19.8,,
2021-11-08 14:00:00,-21,-18.900000000000002,,
2021-11-08 15:00:00,-19,-17.1,,
2021-11-08 16:00:00,-20,-18.0,,
2021-11-08 17:00:00,-20,-18.0,,
2021-11-08 18:00:00,-20,-18.0,,
2021-11-08 19:00:00,-21,-18.900000000000002,,
2021-11-08 20:00:00,-26,-23.400000000000002,,
2021-11-08 21:00:00,-24,-21.6,,
2021-11-08 22:00:00,-27,-24.3,,
2021-11-08 23:00:00,-28,-25.2,,
2021-11-09 00:00:00,-29,-26.1,,
2021-11-09 01:00:00,-31,-27.900000000000002,,
2021-11-09 02:00:00,-29,-26.1,,
2021-11-09 03:00:00,-30,-27.0,,
2021-11-09 04:00:00,-29,-26.1,,
2021-11-09 05:00:00,-27,-24.3,,
2021-11-09 06:00:00,-25,-22.5,,
2021-11-09 07:00:00,-27,-24.3,,
2021-11-09 08:00:00,-27,-24.3,,
2021-11-09 09:00:00,-27,-24.3,,
2021-11-09 10:00:00,-26,-23.400000000000002,,
2021-11-09 11:00:00,-26,-23.400000000000002,,
2021-11-09 12:00:00,-22,-19.8,,
2021-11-09 13:00:00,-19,-17.1,,
2021-11-09 14:00:00,-19,-17.1,,
2021-11-09 15:00:00,-19,-17.1,,
2021-11-09 16:00:00,-19,-17.1,,
2021-11-09 17:00:00,-24,-21.6,,
2021-11-09 18:00:00,-27,-24.3,,
2021-11-09 19:00:00,-26,-23.400000000000002,,
2021-11-09 20:00:00,-30,-27.0,,
2021-11-09 21:00:00,-33,-29.7,,
2021-11-09 22:00:00,-31,-27.900000000000002,,
2021-11-09 23:00:00,-29,-26.1,,
2021-11-10 00:00:00,-28,-25.2,,
2021-11-10 01:00:00,-30,-27.0,,
2021-11-10 02:00:00,-30,-27.0,,
2021-11-10 03:00:00,-29,-26.1,,
2021-11-10 04:00:00,-31,-27.900000000000002,,
2021-11-10 05:00:00,-31,-27.900000000000002,,
2021-11-10 06:00:00,-29,-26.1,,
2021-11-10 07:00:00,-24,-21.6,,
2021-11-10 08:00:00,-23,-20.7,,
2021-11-10 09:00:00,-26,-23.400000000000002,,
2021-11-10 10:00:00,-27,-24.3,,
2021-11-10 11:00:00,-26,-23.400000000000002,,
2021-11-10 12:00:00,-25,-22.5,,
2021-11-10 13:00:00,-24,-21.6,,
2021-11-10 14:00:00,-21,-18.900000000000002,,
2021-11-10 15:00:00,-20,-18.0,,
2021-11-10 16:00:00,-22,-19.8,,
2021-11-10 17:00:00,-21,-18.900000000000002,,
2021-11-10 18:00:00,-21,-18.900000000000002,,
2021-11-10 19:00:00,-23,-20.7,,
2021-11-10 20:00:00,-24,-21.6,,
2021-11-10 21:00:00,-24,-21.6,,
2021-11-10 22:00:00,-20,-18.0,,
2021-11-10 23:00:00,-21,-18.900000000000002,,
2021-11-11 00:00:00,-20,-18.0,,
2021-11-11 01:00:00,-19,-17.1,,
2021-11-11 02:00:00,-17,-15.3,,
2021-11-11 03:00:00,-17,-15.3,,
2021-11-11 04:00:00,-16,-14.4,,
2021-11-11 05:00:00,-19,-17.1,,
2021-11-11 06:00:00,-17,-15.3,,
2021-11-11 07:00:00,-18,-16.2,,
2021-11-11 08:00:00,-12,-10.8,,
2021-11-11 09:00:00,-12,-10.8,,
2021-11-11 10:00:00,-11,-9.9,,
2021-11-11 11:00:00,-8,-16.667957305908203,,
2021-11-11 12:00:00,-7,-16.23932456970215,,
2021-11-11 13:00:00,-10,-9.0,,
2021-11-11 14:00:00,-12,-10.8,,
2021-11-11 15:00:00,-9,-8.1,,
2021-11-11 16:00:00,-7,-15.6052827835083,,
2021-11-11 17:00:00,-10,-9.0,,
2021-11-11 18:00:00,-15,-13.5,,
2021-11-11 19:00:00,-16,-14.4,,
2021-11-11 20:00:00,-16,-14.4,,
2021-11-11 21:00:00,-17,-15.3,,
2021-11-11 22:00:00,-23,-20.7,,
2021-11-11 23:00:00,-25,-22.5,,
2021-11-12 00:00:00,-24,-21.6,,
2021-11-12 01:00:00,-23,-20.7,,
2021-11-12 02:00:00,-16,-14.4,,
2021-11-12 03:00:00,-12,-10.8,,
2021-11-12 04:00:00,-12,-10.8,,
2021-11-12 05:00:00,-11,-9.9,,
2021-11-12 06:00:00,-11,-9.9,,
2021-11-12 07:00:00,-11,-9.9,,
2021-11-12 08:00:00,-10,-9.0,,
2021-11-12 09:00:00,-13,-11.700000000000001,,
2021-11-12 10:00:00,-16,-14.4,,
2021-11-12 11:00:00,-15,-13.5,,
2021-11-12 12:00:00,-16,-14.4,,
2021-11-12 13:00:00,-17,-15.3,,
2021-11-12 14:00:00,-19,-17.1,,
2021-11-12 15:00:00,-18,-16.2,,
2021-11-12 16:00:00,-17,-15.3,,
2021-11-12 17:00:00,-17,-15.3,,
2021-11-12 18:00:00,-16,-14.4,,
2021-11-12 19:00:00,-16,-14.4,,
2021-11-12 20:00:00,-18,-16.2,,
2021-11-12 21:00:00,-20,-18.0,,
2021-11-12 22:00:00,-20,-18.0,,
2021-11-12 23:00:00,-19,-17.1,,
2021-11-13 00:00:00,-17,-15.3,,
2021-11-13 01:00:00,-17,-15.3,,
2021-11-13 02:00:00,-15,-13.5,,
2021-11-13 03:00:00,-15,-13.5,,
2021-11-13 04:00:00,-12,-10.8,,
2021-11-13 05:00:00,-10,-9.0,,
2021-11-13 06:00:00,-8,-7.2,,
2021-11-13 07:00:00,-8,-7.2,,
2021-11-13 08:00:00,-7,-14.334156036376953,,
2021-11-13 09:00:00,-8,-7.2,,
2021-11-13 10:00:00,-9,-8.1,,
2021-11-13 11:00:00,-8,-7.2,,
2021-11-13 12:00:00,-9,-8.1,,
2021-11-13 13:00:00,-10,-9.0,,
2021-11-13 14:00:00,-11,-9.9,,
2021-11-13 15:00:00,-10,-9.0,,
2021-11-13 16:00:00,-10,-9.0,,
2021-11-13 17:00:00,-14,-12.6,,
2021-11-13 18:00:00,-11,-9.9,,
2021-11-13 19:00:00,-9,-8.1,,
2021-11-13 20:00:00,-11,-9.9,,
2021-11-13 21:00:00,-11,-9.9,,
2021-11-13 22:00:00,-10,-9.0,,
2021-11-13 23:00:00,-13,-11.700000000000001,,
2021-11-14 00:00:00,-15,-13.5,,
2021-11-14 01:00:00,-14,-12.6,,
2021-11-14 02:00:00,-12,-10.8,,
2021-11-14 03:00:00,-10,-9.0,,
2021-11-14 04:00:00,-7,-6.3,,
2021-11-14 05:00:00,-7,-6.3,,
2021-11-14 06:00:00,-5,-12.451172828674316,,
2021-11-14 07:00:00,-4,-12.003164291381836,,
2021-11-14 08:00:00,-5,-12.150720596313477,,
2021-11-14 09:00:00,-10,-9.0,,
2021-11-14 10:00:00,-13,-11.700000000000001,,
2021-11-14 11:00:00,-13,-11.700000000000001,,
2021-11-14 12:00:00,-13,-11.700000000000001,,
2021-11-14 13:00:00,-16,-14.4,,
2021-11-14 14:00:00,-18,-16.2,,
2021-11-14 15:00:00,-17,-15.3,,
2021-11-14 16:00:00,-16,-14.4,,
2021-11-14 17:00:00,-15,-13.5,,
2021-11-14 18:00:00,-14,-12.6,,
2021-11-14 19:00:00,-12,-10.8,,
2021-11-14 20:00:00,-11,-9.9,,
2021-11-14 21:00:00,-11,-9.9,,
2021-11-14 22:00:00,-12,-10.8,,
2021-11-14 23:00:00,-12,-10.8,,
2021-11-15 00:00:00,-12,-10.8,,
2021-11-15 01:00:00,-11,-9.9,,
2021-11-15 02:00:00,-11,-9.9,,
2021-11-15 03:00:00,-12,-10.8,,
2021-11-15 04:00:00,-12,-10.8,,
2021-11-15 05:00:00,-9,-8.1,,
2021-11-15 06:00:00,-7,-6.3,,
2021-11-15 07:00:00,-4,-5.831612586975098,,
2021-11-15 08:00:00,-2,-5.305927276611328,,
2021-11-15 09:00:00,-5,-7.406787872314453,,
2021-11-15 10:00:00,-5,-6.49871826171875,,
2021-11-15 11:00:00,-10,-13.49871826171875,,
2021-11-15 12:00:00,-14,-13.49871826171875,,
2021-11-15 13:00:00,-9,-13.49871826171875,,
2021-11-15 14:00:00,3,2.7,,
2021-11-15 15:00:00,6,5.4,,
2021-11-15 16:00:00,-1,-3.49871826171875,,
2021-11-15 17:00:00,-11,-4.845,,
2021-11-15 18:00:00,-8,-12.456151962280273,,
2021-11-15 19:00:00,-6,-9.604145050048828,,
